100000,White
100011,White Suppe
100021,White thin
100022,White thin1
100023,White thin2
100031,White medium
100032,White medium1
100033,White medium2
100041,White thick
100042,White thick1
100043,White thick2
100051,White jumbo
100100,White tips
100111,White tips Suppe
100121,White tips thin
100122,White tips thin1
100123,White tips thin2
100131,White tips medium
100132,White tips medium1
100133,White tips medium2
100141,White tips thick
100142,White tips thick1
100143,White tips thick2
100151,White tips jumbo
101000,White short
101011,White short Suppe
101021,White short thin
101022,White short thin1
101023,White short thin2
101031,White short medium
101032,White short medium1
101033,White short medium2
101041,White short thick
101042,White short thick1
101043,White short thick2
101051,White short jumbo
102000,White middle
102011,White middle Suppe
102021,White middle thin
102022,White middle thin1
102023,White middle thin2
102031,White middle medium
102032,White middle medium1
102033,White middle medium2
102041,White middle thick
102042,White middle thick1
102043,White middle thick2
102051,White middle jumbo
103000,White long
103011,White long Suppe
103021,White long thin
103022,White long thin1
103023,White long thin2
103031,White long medium
103032,White long medium1
103033,White long medium2
103041,White long thick
103042,White long thick1
103043,White long thick2
103051,White long jumbo
110000,White extra
110011,White extra Suppe
110021,White extra thin
110022,White extra thin1
110023,White extra thin2
110031,White extra medium
110032,White extra medium1
110033,White extra medium2
110041,White extra thick
110042,White extra thick1
110043,White extra thick2
110051,White extra jumbo
110100,White E tips
110111,White E tips Suppe
110121,White E tips thin
110122,White E tips thin1
110123,White E tips thin2
110131,White E tips medium
110132,White E tips medium1
110133,White E tips medium2
110141,White E tips thick
110142,White E tips thick1
110143,White E tips thick2
110151,White E tips jumbo
111000,White E short
111011,White E short Suppe
111021,White E short thin
111022,White E short thin1
111023,White E short thin2
111031,White E short medium
111032,White E short medium1
111033,White E short medium2
111041,White E short thick
111042,White E short thick1
111043,White E short thick2
111051,White E short jumbo
112000,White E middle
112011,White E middle Suppe
112021,White E middle thin
112022,White E middle thin1
112023,White E middle thin2
112031,White E middle medium
112032,White E middle medium1
112033,White E middle medium2
112041,White E middle thick
112042,White E middle thick1
112043,White E middle thick2
112051,White E middle jumbo
113000,White E long
113011,White E long Suppe
113021,White E long thin
113022,White E long thin1
113023,White E long thin2
113031,White E long medium
113032,White E long medium1
113033,White E long medium2
113041,White E long thick
113042,White E long thick1
113043,White E long thick2
113051,White E long jumbo
120000,White 1
120011,White 1 Suppe
120021,White 1 thin
120022,White 1 thin1
120023,White 1 thin2
120031,White 1 medium
120032,White 1 medium1
120033,White 1 medium2
120041,White 1 thick
120042,White 1 thick1
120043,White 1 thick2
120051,White 1 jumbo
120100,White 1 tips
120111,White 1 tips Suppe
120121,White 1 tips thin
120122,White 1 tips thin1
120123,White 1 tips thin2
120131,White 1 tips medium
120132,White 1 tips medium1
120133,White 1 tips medium2
120141,White 1 tips thick
120142,White 1 tips thick1
120143,White 1 tips thick2
120151,White 1 tips jumbo
121000,White 1 short
121011,White 1 short Suppe
121021,Small
121022,White 1 short thin1
121023,White 1 short thin2
121031,White 1 short medium
121032,Large FRESCO Corto
121033,Extra Large FRESCO Corto
121041,Jumbo FRESCO Corto
121042,White 1 short thick1
121043,White 1 short thick2
121051,White 1 short jumbo
122000,White 1 middle
122011,White 1 middle Suppe
122021,Estandar FRESCO Mediano
122022,White 1 middle thin1
122023,White 1 middle thin2
122031,White 1 middle medium
122032,Large FRESCO Mediano
122033,Extra Large FRESCO Mediano
122041,White 1 middle thick
122042,White 1 middle thick1
122043,White 1 middle thick2
122051,White 1 middle jumbo
123000,White 1 long
123011,White 1 long Suppe
123021,Estandar FRESCO Largo
123022,White 1 long thin1
123023,White 1 long thin2
123031,White 1 long medium
123032,Large FRESCO Largo
123033,Extra Large FRESCO Largo
123041,Jumbo FRESCO Largo
123042,White 1 long thick1
123043,White 1 long thick2
123051,Colosal FRESCO
130000,White 2
130011,White 2 Suppe
130021,White 2 thin
130022,White 2 thin1
130023,White 2 thin2
130031,White 2 medium
130032,White 2 medium1
130033,White 2 medium2
130041,White 2 thick
130042,White 2 thick1
130043,White 2 thick2
130051,White 2 jumbo
130100,White 2 tips
130111,White 2 tips Suppe
130121,White 2 tips thin
130122,White 2 tips thin1
130123,White 2 tips thin2
130131,White 2 tips medium
130132,White 2 tips medium1
130133,White 2 tips medium2
130141,White 2 tips thick
130142,White 2 tips thick1
130143,White 2 tips thick2
130151,White 2 tips jumbo
131000,White 2 short
131011,White 2 short Suppe
131021,White 2 short thin
131022,White 2 short thin1
131023,White 2 short thin2
131031,White 2 short medium
131032,White 2 short medium1
131033,White 2 short medium2
131041,White 2 short thick
131042,White 2 short thick1
131043,White 2 short thick2
131051,White 2 short jumbo
132000,White 2 middle
132011,White 2 middle Suppe
132021,White 2 middle thin
132022,White 2 middle thin1
132023,White 2 middle thin2
132031,White 2 middle medium
132032,White 2 middle medium1
132033,White 2 middle medium2
132041,White 2 middle thick
132042,White 2 middle thick1
132043,White 2 middle thick2
132051,White 2 middle jumbo
133000,White 2 long
133011,White 2 long Suppe
133021,White 2 long thin
133022,White 2 long thin1
133023,White 2 long thin2
133031,White 2 long medium
133032,White 2 long medium1
133033,White 2 long medium2
133041,White 2 long thick
133042,White 2 long thick1
133043,White 2 long thick2
133051,White 2 long jumbo
190000,Special white sort form
191000,White club form
192000,White oval
193000,White crooked
194000,White flower
195000,White oxid/peeling spears
196000,White hollow
197000,Dobles
198000,White broken
199000,White too long
199999,Descarte
200000,Vio
200011,Vio Suppe
200021,Vio thin
200022,Vio thin1
200023,Vio thin2
200031,Vio medium
200032,Vio medium1
200033,Vio medium2
200041,Vio thick
200042,Vio thick1
200043,Vio thick2
200051,Vio jumbo
200100,Vio tips
200111,Vio tips Suppe
200121,Vio tips thin
200122,Vio tips thin1
200123,Vio tips thin2
200131,Vio tips medium
200132,Vio tips medium1
200133,Vio tips medium2
200141,Vio tips thick
200142,Vio tips thick1
200143,Vio tips thick2
200151,Vio tips jumbo
201000,Vio short
201011,Vio short Suppe
201021,Vio short thin
201022,Vio short thin1
201023,Vio short thin2
201031,Vio short medium
201032,Vio short medium1
201033,Vio short medium2
201041,Vio short thick
201042,Vio short thick1
201043,Vio short thick2
201051,Vio short jumbo
202000,Vio middle
202011,Vio middle Suppe
202021,Vio middle thin
202022,Vio middle thin1
202023,Vio middle thin2
202031,Vio middle medium
202032,Vio middle medium1
202033,Vio middle medium2
202041,Vio middle thick
202042,Vio middle thick1
202043,Vio middle thick2
202051,Vio middle jumbo
203000,Vio long
203011,Vio long Suppe
203021,Vio long thin
203022,Vio long thin1
203023,Vio long thin2
203031,Vio long medium
203032,Vio long medium1
203033,Vio long medium2
203041,Vio long thick
203042,Vio long thick1
203043,Vio long thick2
203051,Vio long jumbo
210000,Vio extra
210011,Vio extra Suppe
210021,Vio extra thin
210022,Vio extra thin1
210023,Vio extra thin2
210031,Vio extra medium
210032,Vio extra medium1
210033,Vio extra medium2
210041,Vio extra thick
210042,Vio extra thick1
210043,Vio extra thick2
210051,Vio extra jumbo
210100,Vio E tips
210111,Vio E tips Suppe
210121,Vio E tips thin
210122,Vio E tips thin1
210123,Vio E tips thin2
210131,Vio E tips medium
210132,Vio E tips medium1
210133,Vio E tips medium2
210141,Vio E tips thick
210142,Vio E tips thick1
210143,Vio E tips thick2
210151,Vio E tips jumbo
211000,Vio E short
211011,Vio E short Suppe
211021,Vio E short thin
211022,Vio E short thin1
211023,Vio E short thin2
211031,Vio E short medium
211032,Vio E short medium1
211033,Vio E short medium2
211041,Vio E short thick
211042,Vio E short thick1
211043,Vio E short thick2
211051,Vio E short jumbo
212000,Vio E middle
212011,Vio E middle Suppe
212021,Vio E middle thin
212022,Vio E middle thin1
212023,Vio E middle thin2
212031,Vio E middle medium
212032,Vio E middle medium1
212033,Vio E middle medium2
212041,Vio E middle thick
212042,Vio E middle thick1
212043,Vio E middle thick2
212051,Vio E middle jumbo
213000,Vio E long
213011,Vio E long Suppe
213021,Vio E long thin
213022,Vio E long thin1
213023,Vio E long thin2
213031,Vio E long medium
213032,Vio E long medium1
213033,Vio E long medium2
213041,Vio E long thick
213042,Vio E long thick1
213043,Vio E long thick2
213051,Vio E long jumbo
220000,Vio 1
220011,Vio 1 Suppe
220021,Vio 1 thin
220022,Vio 1 thin1
220023,Vio 1 thin2
220031,Vio 1 medium
220032,Vio 1 medium1
220033,Vio 1 medium2
220041,Vio 1 thick
220042,Vio 1 thick1
220043,Vio 1 thick2
220051,Vio 1 jumbo
220100,Vio 1 tips
220111,Vio 1 tips Suppe
220121,Vio 1 tips thin
220122,Vio 1 tips thin1
220123,Vio 1 tips thin2
220131,Vio 1 tips medium
220132,Vio 1 tips medium1
220133,Vio 1 tips medium2
220141,Vio 1 tips thick
220142,Vio 1 tips thick1
220143,Vio 1 tips thick2
220151,Vio 1 tips jumbo
221000,Vio 1 short
221011,Vio 1 short Suppe
221021,Vio 1 short thin
221022,Vio 1 short thin1
221023,Vio 1 short thin2
221031,Vio 1 short medium
221032,Vio 1 short medium1
221033,Vio 1 short medium2
221041,Vio 1 short thick
221042,Vio 1 short thick1
221043,Vio 1 short thick2
221051,Vio 1 short jumbo
222000,Vio 1 middle
222011,Vio 1 middle Suppe
222021,Vio 1 middle thin
222022,Vio 1 middle thin1
222023,Vio 1 middle thin2
222031,Vio 1 middle medium
222032,Vio 1 middle medium1
222033,Vio 1 middle medium2
222041,Vio 1 middle thick
222042,Vio 1 middle thick1
222043,Vio 1 middle thick2
222051,Vio 1 middle jumbo
223000,Vio 1 long
223011,Vio 1 long Suppe
223021,Vio 1 long thin
223022,Vio 1 long thin1
223023,Vio 1 long thin2
223031,Vio 1 long medium
223032,Vio 1 long medium1
223033,Vio 1 long medium2
223041,Vio 1 long thick
223042,Vio 1 long thick1
223043,Vio 1 long thick2
223051,Vio 1 long jumbo
230000,Vio 2
230011,Vio 2 Suppe
230021,Vio 2 thin
230022,Vio 2 thin1
230023,Vio 2 thin2
230031,Vio 2 medium
230032,Vio 2 medium1
230033,Vio 2 medium2
230041,Vio 2 thick
230042,Vio 2 thick1
230043,Vio 2 thick2
230051,Vio 2 jumbo
230100,Vio 2 tips
230111,Vio 2 tips Suppe
230121,Vio 2 tips thin
230122,Vio 2 tips thin1
230123,Vio 2 tips thin2
230131,Vio 2 tips medium
230132,Vio 2 tips medium1
230133,Vio 2 tips medium2
230141,Vio 2 tips thick
230142,Vio 2 tips thick1
230143,Vio 2 tips thick2
230151,Vio 2 tips jumbo
231000,Vio 2 short
231011,Vio 2 short Suppe
231021,Vio 2 short thin
231022,Vio 2 short thin1
231023,Vio 2 short thin2
231031,Vio 2 short medium
231032,Vio 2 short medium1
231033,Vio 2 short medium2
231041,Vio 2 short thick
231042,Vio 2 short thick1
231043,Vio 2 short thick2
231051,Vio 2 short jumbo
232000,Vio 2 middle
232011,Vio 2 middle Suppe
232021,Vio 2 middle thin
232022,Vio 2 middle thin1
232023,Vio 2 middle thin2
232031,Vio 2 middle medium
232032,Vio 2 middle medium1
232033,Vio 2 middle medium2
232041,Vio 2 middle thick
232042,Vio 2 middle thick1
232043,Vio 2 middle thick2
232051,Vio 2 middle jumbo
233000,Vio 2 long
233011,Vio 2 long Suppe
233021,Vio 2 long thin
233022,Vio 2 long thin1
233023,Vio 2 long thin2
233031,Vio 2 long medium
233032,Vio 2 long medium1
233033,Vio 2 long medium2
233041,Vio 2 long thick
233042,Vio 2 long thick1
233043,Vio 2 long thick2
233051,Vio 2 long jumbo
300000,VioGrn
300011,VioGrn Suppe
300021,VioGrn thin
300022,VioGrn thin1
300023,VioGrn thin2
300031,VioGrn medium
300032,VioGrn medium1
300033,VioGrn medium2
300041,VioGrn thick
300042,VioGrn thick1
300043,VioGrn thick2
300051,VioGrn jumbo
300100,VioGrn tips
300111,VioGrn tips Suppe
300121,VioGrn tips thin
300122,VioGrn tips thin1
300123,VioGrn tips thin2
300131,VioGrn tips medium
300132,VioGrn tips medium1
300133,VioGrn tips medium2
300141,VioGrn tips thick
300142,VioGrn tips thick1
300143,VioGrn tips thick2
300151,VioGrn tips jumbo
301000,VioGrn short
301011,VioGrn short Suppe
301021,VioGrn short thin
301022,VioGrn short thin1
301023,VioGrn short thin2
301031,VioGrn short medium
301032,VioGrn short medium1
301033,VioGrn short medium2
301041,VioGrn short thick
301042,VioGrn short thick1
301043,VioGrn short thick2
301051,VioGrn short jumbo
302000,VioGrn middle
302011,VioGrn middle Suppe
302021,VioGrn middle thin
302022,VioGrn middle thin1
302023,VioGrn middle thin2
302031,VioGrn middle medium
302032,VioGrn middle medium1
302033,VioGrn middle medium2
302041,VioGrn middle thick
302042,VioGrn middle thick1
302043,VioGrn middle thick2
302051,VioGrn middle jumbo
303000,VioGrn long
303011,VioGrn long Suppe
303021,VioGrn long thin
303022,VioGrn long thin1
303023,VioGrn long thin2
303031,VioGrn long medium
303032,VioGrn long medium1
303033,VioGrn long medium2
303041,VioGrn long thick
303042,VioGrn long thick1
303043,VioGrn long thick2
303051,VioGrn long jumbo
310000,VioGrn extra
310011,VioGrn extra Suppe
310021,VioGrn extra thin
310022,VioGrn extra thin1
310023,VioGrn extra thin2
310031,VioGrn extra medium
310032,VioGrn extra medium1
310033,VioGrn extra medium2
310041,VioGrn extra thick
310042,VioGrn extra thick1
310043,VioGrn extra thick2
310051,VioGrn extra jumbo
310100,VioGrn E tips
310111,VioGrn E tips Suppe
310121,VioGrn E tips thin
310122,VioGrn E tips thin1
310123,VioGrn E tips thin2
310131,VioGrn E tips medium
310132,VioGrn E tips medium1
310133,VioGrn E tips medium2
310141,VioGrn E tips thick
310142,VioGrn E tips thick1
310143,VioGrn E tips thick2
310151,VioGrn E tips jumbo
311000,VioGrn E short
311011,VioGrn E short Suppe
311021,VioGrn E short thin
311022,VioGrn E short thin1
311023,VioGrn E short thin2
311031,VioGrn E short medium
311032,VioGrn E short medium1
311033,VioGrn E short medium2
311041,VioGrn E short thick
311042,VioGrn E short thick1
311043,VioGrn E short thick2
311051,VioGrn E short jumbo
312000,VioGrn E middle
312011,VioGrn E middle Suppe
312021,VioGrn E middle thin
312022,VioGrn E middle thin1
312023,VioGrn E middle thin2
312031,VioGrn E middle medium
312032,VioGrn E middle medium1
312033,VioGrn E middle medium2
312041,VioGrn E middle thick
312042,VioGrn E middle thick1
312043,VioGrn E middle thick2
312051,VioGrn E middle jumbo
313000,VioGrn E long
313011,VioGrn E long Suppe
313021,VioGrn E long thin
313022,VioGrn E long thin1
313023,VioGrn E long thin2
313031,VioGrn E long medium
313032,VioGrn E long medium1
313033,VioGrn E long medium2
313041,VioGrn E long thick
313042,VioGrn E long thick1
313043,VioGrn E long thick2
313051,VioGrn E long jumbo
320000,VioGrn 1
320011,VioGrn 1 Suppe
320021,VioGrn 1 thin
320022,VioGrn 1 thin1
320023,VioGrn 1 thin2
320031,VioGrn 1 medium
320032,VioGrn 1 medium1
320033,VioGrn 1 medium2
320041,VioGrn 1 thick
320042,VioGrn 1 thick1
320043,VioGrn 1 thick2
320051,VioGrn 1 jumbo
320100,VioGrn 1 tips
320111,VioGrn 1 tips Suppe
320121,VioGrn 1 tips thin
320122,VioGrn 1 tips thin1
320123,VioGrn 1 tips thin2
320131,VioGrn 1 tips medium
320132,VioGrn 1 tips medium1
320133,VioGrn 1 tips medium2
320141,VioGrn 1 tips thick
320142,VioGrn 1 tips thick1
320143,VioGrn 1 tips thick2
320151,VioGrn 1 tips jumbo
321000,VioGrn 1 short
321011,VioGrn 1 short Suppe
321021,VioGrn 1 short thin
321022,VioGrn 1 short thin1
321023,VioGrn 1 short thin2
321031,VioGrn 1 short medium
321032,VioGrn 1 short medium1
321033,VioGrn 1 short medium2
321041,VioGrn 1 short thick
321042,VioGrn 1 short thick1
321043,VioGrn 1 short thick2
321051,VioGrn 1 short jumbo
322000,VioGrn 1 middle
322011,VioGrn 1 middle Suppe
322021,VioGrn 1 middle thin
322022,VioGrn 1 middle thin1
322023,VioGrn 1 middle thin2
322031,VioGrn 1 middle medium
322032,VioGrn 1 middle medium1
322033,VioGrn 1 middle medium2
322041,VioGrn 1 middle thick
322042,VioGrn 1 middle thick1
322043,VioGrn 1 middle thick2
322051,VioGrn 1 middle jumbo
323000,VioGrn 1 long
323011,VioGrn 1 long Suppe
323021,VioGrn 1 long thin
323022,VioGrn 1 long thin1
323023,VioGrn 1 long thin2
323031,VioGrn 1 long medium
323032,VioGrn 1 long medium1
323033,VioGrn 1 long medium2
323041,VioGrn 1 long thick
323042,VioGrn 1 long thick1
323043,VioGrn 1 long thick2
323051,VioGrn 1 long jumbo
330000,VioGrn 2
330011,VioGrn 2 Suppe
330021,VioGrn 2 thin
330022,VioGrn 2 thin1
330023,VioGrn 2 thin2
330031,VioGrn 2 medium
330032,VioGrn 2 medium1
330033,VioGrn 2 medium2
330041,VioGrn 2 thick
330042,VioGrn 2 thick1
330043,VioGrn 2 thick2
330051,VioGrn 2 jumbo
330100,VioGrn 2 tips
330111,VioGrn 2 tips Suppe
330121,VioGrn 2 tips thin
330122,VioGrn 2 tips thin1
330123,VioGrn 2 tips thin2
330131,VioGrn 2 tips medium
330132,VioGrn 2 tips medium1
330133,VioGrn 2 tips medium2
330141,VioGrn 2 tips thick
330142,VioGrn 2 tips thick1
330143,VioGrn 2 tips thick2
330151,VioGrn 2 tips jumbo
331000,VioGrn 2 short
331011,VioGrn 2 short Suppe
331021,VioGrn 2 short thin
331022,VioGrn 2 short thin1
331023,VioGrn 2 short thin2
331031,VioGrn 2 short medium
331032,VioGrn 2 short medium1
331033,VioGrn 2 short medium2
331041,VioGrn 2 short thick
331042,VioGrn 2 short thick1
331043,VioGrn 2 short thick2
331051,VioGrn 2 short jumbo
332000,VioGrn 2 middle
332011,VioGrn 2 middle Suppe
332021,VioGrn 2 middle thin
332022,VioGrn 2 middle thin1
332023,VioGrn 2 middle thin2
332031,VioGrn 2 middle medium
332032,VioGrn 2 middle medium1
332033,VioGrn 2 middle medium2
332041,VioGrn 2 middle thick
332042,VioGrn 2 middle thick1
332043,VioGrn 2 middle thick2
332051,VioGrn 2 middle jumbo
333000,VioGrn 2 long
333011,VioGrn 2 long Suppe
333021,VioGrn 2 long thin
333022,VioGrn 2 long thin1
333023,VioGrn 2 long thin2
333031,VioGrn 2 long medium
333032,VioGrn 2 long medium1
333033,VioGrn 2 long medium2
333041,VioGrn 2 long thick
333042,VioGrn 2 long thick1
333043,VioGrn 2 long thick2
333051,VioGrn 2 long jumbo
400000,Green
400011,Green Suppe
400021,Green thin
400022,Green thin1
400023,Green thin2
400031,Green medium
400032,Green medium1
400033,Green medium2
400041,Green thick
400042,Green thick1
400043,Green thick2
400051,Green jumbo
400100,Green tips
400111,Green tips Suppe
400121,Green tips thin
400122,Green tips thin1
400123,Green tips thin2
400131,Green tips medium
400132,Green tips medium1
400133,Green tips medium2
400141,Green tips thick
400142,Green tips thick1
400143,Green tips thick2
400151,Green tips jumbo
401000,Green short
401011,Green short Suppe
401021,Green short thin
401022,Green short thin1
401023,Green short thin2
401031,Green short medium
401032,Green short medium1
401033,Green short medium2
401041,Green short thick
401042,Green short thick1
401043,Green short thick2
401051,Green short jumbo
402000,Green middle
402011,Green middle Suppe
402021,Green middle thin
402022,Green middle thin1
402023,Green middle thin2
402031,Green middle medium
402032,Green middle medium1
402033,Green middle medium2
402041,Green middle thick
402042,Green middle thick1
402043,Green middle thick2
402051,Green middle jumbo
403000,Green long
403011,Green long Suppe
403021,Green long thin
403022,Green long thin1
403023,Green long thin2
403031,Green long medium
403032,Green long medium1
403033,Green long medium2
403041,Green long thick
403042,Green long thick1
403043,Green long thick2
403051,Green long jumbo
410000,Green extra
410011,Green extra Suppe
410021,Green extra thin
410022,Green extra thin1
410023,Green extra thin2
410031,Green extra medium
410032,Green extra medium1
410033,Green extra medium2
410041,Green extra thick
410042,Green extra thick1
410043,Green extra thick2
410051,Green extra jumbo
410100,Green E tips
410111,Green E tips Suppe
410121,Green E tips thin
410122,Green E tips thin1
410123,Green E tips thin2
410131,Green E tips medium
410132,Green E tips medium1
410133,Green E tips medium2
410141,Green E tips thick
410142,Green E tips thick1
410143,Green E tips thick2
410151,Green E tips jumbo
411000,Green E short
411011,Green E short Suppe
411021,Green E short thin
411022,Green E short thin1
411023,Green E short thin2
411031,Green E short medium
411032,Green E short medium1
411033,Green E short medium2
411041,Green E short thick
411042,Green E short thick1
411043,Green E short thick2
411051,Green E short jumbo
412000,Green E middle
412011,Green E middle Suppe
412021,Green E middle thin
412022,Green E middle thin1
412023,Green E middle thin2
412031,Green E middle medium
412032,Green E middle medium1
412033,Green E middle medium2
412041,Green E middle thick
412042,Green E middle thick1
412043,Green E middle thick2
412051,Green E middle jumbo
413000,Green E long
413011,Green E long Suppe
413021,Green E long thin
413022,Green E long thin1
413023,Green E long thin2
413031,Green E long medium
413032,Green E long medium1
413033,Green E long medium2
413041,Green E long thick
413042,Green E long thick1
413043,Green E long thick2
413051,Green E long jumbo
420000,Green 1
420011,Green 1 Suppe
420021,Green 1 thin
420022,Green 1 thin1
420023,Green 1 thin2
420031,Green 1 medium
420032,Green 1 medium1
420033,Green 1 medium2
420041,Green 1 thick
420042,Green 1 thick1
420043,Green 1 thick2
420051,Green 1 jumbo
420100,Green 1 tips
420111,Green 1 tips Suppe
420121,Green 1 tips thin
420122,Green 1 tips thin1
420123,Green 1 tips thin2
420124,Green 1 tips thin3
420131,Green 1 tips medium
420132,Green 1 tips medium1
420133,Green 1 tips medium2
420134,Green 1 tips medium3
420141,Green 1 tips thick
420142,Green 1 tips thick1
420143,Green 1 tips thick2
420144,Green 1 tips thick3
420151,Green 1 tips jumbo
421000,Green 1 short
421011,Green 1 short Suppe
421021,Green 1 short thin
421022,Green 1 short thin1
421023,Green 1 short thin2
421024,Green 1 short thin3
421031,Green 1 short medium
421032,Green 1 short medium1
421033,Green 1 short medium2
421034,Green 1 short medium3
421041,Green 1 short thick
421042,Green 1 short thick1
421043,Green 1 short thick2
421044,Green 1 short thick3
421051,Green 1 short jumbo
422000,Green 1 middle
422011,Green 1 middle Suppe
422021,Green 1 middle thin
422022,Green 1 middle thin1
422023,Green 1 middle thin2
422024,Green 1 middle thin3
422031,Green 1 middle medium
422032,Green 1 middle medium1
422033,Green 1 middle medium2
422034,Green 1 middle medium3
422041,Green 1 middle thick
422042,Green 1 middle thick1
422043,Green 1 middle thick2
422044,Green 1 middle thick3
422051,Green 1 middle jumbo
423000,Green 1 long
423011,Green 1 long Suppe
423021,Green 1 long thin
423022,Green 1 long thin1
423023,Green 1 long thin2
423024,Green 1 long thin3
423031,Green 1 long medium
423032,Green 1 long medium1
423033,Green 1 long medium2
423034,Green 1 long medium3
423041,Green 1 long thick
423042,Green 1 long thick1
423043,Green 1 long thick2
423044,Green 1 long thick3
423051,Green 1 long jumbo
430000,Green 2
430011,Green 2 Suppe
430021,Green 2 thin
430022,Green 2 thin1
430023,Green 2 thin2
430024,Green 2 thin3
430031,Green 2 medium
430032,Green 2 medium1
430033,Green 2 medium2
430034,Green 2 medium3
430041,Green 2 thick
430042,Green 2 thick1
430043,Green 2 thick2
430051,Green 2 jumbo
430100,Green 2 tips
430111,Green 2 tips Suppe
430121,Green 2 tips thin
430122,Green 2 tips thin1
430123,Green 2 tips thin2
430131,Green 2 tips medium
430132,Green 2 tips medium1
430133,Green 2 tips medium2
430141,Green 2 tips thick
430142,Green 2 tips thick1
430143,Green 2 tips thick2
430151,Green 2 tips jumbo
431000,Green 2 short
431011,Green 2 short Suppe
431021,Green 2 short thin
431022,Green 2 short thin1
431023,Green 2 short thin2
431031,Green 2 short medium
431032,Green 2 short medium1
431033,Green 2 short medium2
431041,Green 2 short thick
431042,Green 2 short thick1
431043,Green 2 short thick2
431051,Green 2 short jumbo
432000,Green 2 middle
432011,Green 2 middle Suppe
432021,Green 2 middle thin
432022,Green 2 middle thin1
432023,Green 2 middle thin2
432031,Green 2 middle medium
432032,Green 2 middle medium1
432033,Green 2 middle medium2
432041,Green 2 middle thick
432042,Green 2 middle thick1
432043,Green 2 middle thick2
432051,Green 2 middle jumbo
433000,Green 2 long
433011,Green 2 long Suppe
433021,Green 2 long thin
433022,Green 2 long thin1
433023,Green 2 long thin2
433031,Green 2 long medium
433032,Green 2 long medium1
433033,Green 2 long medium2
433041,Green 2 long thick
433042,Green 2 long thick1
433043,Green 2 long thick2
433051,Green 2 long jumbo
493000,Green crooked
494000,Green flower
495000,Green white
497000,Green double
499000,Green too long
499999,Green rest
500000,W+V
500011,W+V Suppe
500012,Picnic
500013,Minima
500021,W+V thin
500022,W+V thin1
500023,W+V thin2
500031,W+V medium
500032,W+V medium1
500033,W+V medium2
500041,W+V thick
500042,W+V thick1
500043,W+V thick2
500051,W+V jumbo
500100,W+V tips
500111,W+V tips Suppe
500121,ABC2 CORTO
500122,W+V tips thin1
500123,W+V tips thin2
500131,W+V tips medium
500132,ABC1 DELGADO CORTO
500133,ABC1 MEDIANO CORTO
500141,ABC1 GRUESO CORTO
500142,W+V tips thick1
500143,W+V tips thick2
500151,W+V tips jumbo
501000,W+V short
501011,W+V short Suppe
501021,ABC2 CORTO
501022,W+V short thin1
501023,W+V short thin2
501031,W+V short medium
501032,ABC1 DELGADO CORTO
501033,ABC1 MEDIANO CORTO
501041,ABC1 GRUESO CORTO
501042,W+V short thick1
501043,W+V short thick2
501051,W+V short jumbo
502000,W+V middle
502011,W+V middle Suppe
502021,W+V middle thin
502022,W+V middle thin1
502023,W+V middle thin2
502031,W+V middle medium
502032,W+V middle medium1
502033,W+V middle medium2
502041,W+V middle thick
502042,W+V middle thick1
502043,W+V middle thick2
502051,W+V middle jumbo
503000,W+V long
503011,W+V long Suppe
503021,ABC2
503022,W+V long thin1
503023,W+V long thin2
503031,W+V long medium
503032,ABC1 DELGADO
503033,ABC1 MEDIANO
503041,ABC1 GRUESO
503042,W+V long thick1
503043,W+V long thick2
503051,Jumbo
510000,W+V extra
510011,W+V extra Suppe
510021,W+V extra thin
510022,W+V extra thin1
510023,W+V extra thin2
510031,W+V extra medium
510032,W+V extra medium1
510033,W+V extra medium2
510041,W+V extra thick
510042,W+V extra thick1
510043,W+V extra thick2
510051,W+V extra jumbo
510100,W+V E tips
510111,W+V E tips Suppe
510121,W+V E tips thin
510122,W+V E tips thin1
510123,W+V E tips thin2
510131,W+V E tips medium
510132,W+V E tips medium1
510133,W+V E tips medium2
510141,W+V E tips thick
510142,W+V E tips thick1
510143,W+V E tips thick2
510151,W+V E tips jumbo
511000,W+V E short
511011,W+V E short Suppe
511021,W+V E short thin
511022,W+V E short thin1
511023,W+V E short thin2
511031,W+V E short medium
511032,W+V E short medium1
511033,W+V E short medium2
511041,W+V E short thick
511042,W+V E short thick1
511043,W+V E short thick2
511051,W+V E short jumbo
512000,W+V E middle
512011,W+V E middle Suppe
512021,W+V E middle thin
512022,W+V E middle thin1
512023,W+V E middle thin2
512031,W+V E middle medium
512032,W+V E middle medium1
512033,W+V E middle medium2
512041,W+V E middle thick
512042,W+V E middle thick1
512043,W+V E middle thick2
512051,W+V E middle jumbo
513000,W+V E long
513011,W+V E long Suppe
513021,W+V E long thin
513022,W+V E long thin1
513023,W+V E long thin2
513031,W+V E long medium
513032,W+V E long medium1
513033,W+V E long medium2
513041,W+V E long thick
513042,W+V E long thick1
513043,W+V E long thick2
513051,W+V E long jumbo
520000,W+V 1
520011,W+V 1 Suppe
520021,W+V 1 thin
520022,W+V 1 thin1
520023,W+V 1 thin2
520031,W+V 1 medium
520032,W+V 1 medium1
520033,W+V 1 medium2
520041,W+V 1 thick
520042,W+V 1 thick1
520043,W+V 1 thick2
520051,W+V 1 jumbo
520100,W+V 1 tips
520111,W+V 1 tips Suppe
520121,W+V 1 tips thin
520122,W+V 1 tips thin1
520123,W+V 1 tips thin2
520131,W+V 1 tips medium
520132,W+V 1 tips medium1
520133,W+V 1 tips medium2
520141,W+V 1 tips thick
520142,W+V 1 tips thick1
520143,W+V 1 tips thick2
520151,W+V 1 tips jumbo
521000,W+V 1 short
521011,W+V 1 short Suppe
521021,W+V 1 short thin
521022,W+V 1 short thin1
521023,W+V 1 short thin2
521031,W+V 1 short medium
521032,W+V 1 short medium1
521033,W+V 1 short medium2
521041,W+V 1 short thick
521042,W+V 1 short thick1
521043,W+V 1 short thick2
521051,W+V 1 short jumbo
522000,W+V 1 middle
522011,W+V 1 middle Suppe
522021,W+V 1 middle thin
522022,W+V 1 middle thin1
522023,W+V 1 middle thin2
522031,W+V 1 middle medium
522032,W+V 1 middle medium1
522033,W+V 1 middle medium2
522041,W+V 1 middle thick
522042,W+V 1 middle thick1
522043,W+V 1 middle thick2
522051,W+V 1 middle jumbo
523000,W+V 1 long
523011,W+V 1 long Suppe
523021,W+V 1 long thin
523022,W+V 1 long thin1
523023,W+V 1 long thin2
523031,W+V 1 long medium
523032,W+V 1 long medium1
523033,W+V 1 long medium2
523041,W+V 1 long thick
523042,W+V 1 long thick1
523043,W+V 1 long thick2
523051,W+V 1 long jumbo
530000,W+V 2
530011,W+V 2 Suppe
530021,W+V 2 thin
530022,W+V 2 thin1
530023,W+V 2 thin2
530031,W+V 2 medium
530032,W+V 2 medium1
530033,W+V 2 medium2
530041,W+V 2 thick
530042,W+V 2 thick1
530043,W+V 2 thick2
530051,W+V 2 jumbo
530100,W+V 2 tips
530111,W+V 2 tips Suppe
530121,W+V 2 tips thin
530122,W+V 2 tips thin1
530123,W+V 2 tips thin2
530131,W+V 2 tips medium
530132,W+V 2 tips medium1
530133,W+V 2 tips medium2
530141,W+V 2 tips thick
530142,W+V 2 tips thick1
530143,W+V 2 tips thick2
530151,W+V 2 tips jumbo
531000,W+V 2 short
531011,W+V 2 short Suppe
531021,W+V 2 short thin
531022,W+V 2 short thin1
531023,W+V 2 short thin2
531031,W+V 2 short medium
531032,W+V 2 short medium1
531033,W+V 2 short medium2
531041,W+V 2 short thick
531042,W+V 2 short thick1
531043,W+V 2 short thick2
531051,W+V 2 short jumbo
532000,W+V 2 middle
532011,W+V 2 middle Suppe
532021,W+V 2 middle thin
532022,W+V 2 middle thin1
532023,W+V 2 middle thin2
532031,W+V 2 middle medium
532032,W+V 2 middle medium1
532033,W+V 2 middle medium2
532041,W+V 2 middle thick
532042,W+V 2 middle thick1
532043,W+V 2 middle thick2
532051,W+V 2 middle jumbo
533000,W+V 2 long
533011,W+V 2 long Suppe
533021,ABC2
533022,W+V 2 long thin1
533023,W+V 2 long thin2
533031,W+V 2 long medium
533032,ABC1 DELGADO
533033,ABC1 MEDIANO
533041,ABC1 GRUESO
533042,W+V 2 long thick1
533043,W+V 2 long thick2
533051,Jumbo
600000,Asparagus
600011,Asparagus Suppe
600021,Asparagus thin
600022,Asparagus thin1
600023,Asparagus thin2
600031,Asparagus medium
600032,Asparagus medium1
600033,Asparagus medium2
600041,Asparagus thick
600042,Asparagus thick1
600043,Asparagus thick2
600051,Asparagus jumbo
600100,Asparagus tips
600111,Asparagus tips Suppe
600121,Asparagus tips thin
600122,Asparagus tips thin1
600123,Asparagus tips thin2
600131,Asparagus tips medium
600132,Asparagus tips medium1
600133,Asparagus tips medium2
600141,Asparagus tips thick
600142,Asparagus tips thick1
600143,Asparagus tips thick2
600151,Asparagus tips jumbo
601000,Asparagus short
601011,Asparagus short Suppe
601021,Asparagus short thin
601022,Asparagus short thin1
601023,Asparagus short thin2
601031,Asparagus short medium
601032,Asparagus short medium1
601033,Asparagus short medium2
601041,Asparagus short thick
601042,Asparagus short thick1
601043,Asparagus short thick2
601051,Asparagus short jumbo
602000,Asparagus middle
602011,Asparagus middle Suppe
602021,Asparagus middle thin
602022,Asparagus middle thin1
602023,Asparagus middle thin2
602031,Asparagus middle medium
602032,Asparagus middle medium1
602033,Asparagus middle medium2
602041,Asparagus middle thick
602042,Asparagus middle thick1
602043,Asparagus middle thick2
602051,Asparagus middle jumbo
603000,Asparagus long
603011,Asparagus long Suppe
603021,Asparagus long thin
603022,Asparagus long thin1
603023,Asparagus long thin2
603031,Asparagus long medium
603032,Asparagus long medium1
603033,Asparagus long medium2
603041,Asparagus long thick
603042,Asparagus long thick1
603043,Asparagus long thick2
603051,Asparagus long jumbo
610000,Asparagus extra
610011,Asparagus extra Suppe
610021,Asparagus extra thin
610022,Asparagus extra thin1
610023,Asparagus extra thin2
610031,Asparagus extra medium
610032,Asparagus extra medium1
610033,Asparagus extra medium2
610041,Asparagus extra thick
610042,Asparagus extra thick1
610043,Asparagus extra thick2
610051,Asparagus extra jumbo
610100,Asparagus E tips
610111,Asparagus E tips Suppe
610121,Asparagus E tips thin
610122,Asparagus E tips thin1
610123,Asparagus E tips thin2
610131,Asparagus E tips medium
610132,Asparagus E tips medium1
610133,Asparagus E tips medium2
610141,Asparagus E tips thick
610142,Asparagus E tips thick1
610143,Asparagus E tips thick2
610151,Asparagus E tips jumbo
611000,Asparagus E short
611011,Asparagus E short Suppe
611021,Asparagus E short thin
611022,Asparagus E short thin1
611023,Asparagus E short thin2
611031,Asparagus E short medium
611032,Asparagus E short medium1
611033,Asparagus E short medium2
611041,Asparagus E short thick
611042,Asparagus E short thick1
611043,Asparagus E short thick2
611051,Asparagus E short jumbo
612000,Asparagus E middle
612011,Asparagus E middle Suppe
612021,Asparagus E middle thin
612022,Asparagus E middle thin1
612023,Asparagus E middle thin2
612031,Asparagus E middle medium
612032,Asparagus E middle medium1
612033,Asparagus E middle medium2
612041,Asparagus E middle thick
612042,Asparagus E middle thick1
612043,Asparagus E middle thick2
612051,Asparagus E middle jumbo
613000,Asparagus E long
613011,Asparagus E long Suppe
613021,Asparagus E long thin
613022,Asparagus E long thin1
613023,Asparagus E long thin2
613031,Asparagus E long medium
613032,Asparagus E long medium1
613033,Asparagus E long medium2
613041,Asparagus E long thick
613042,Asparagus E long thick1
613043,Asparagus E long thick2
613051,Asparagus E long jumbo
620000,Asparagus 1
620011,Asparagus 1 Suppe
620021,Asparagus 1 thin
620022,Asparagus 1 thin1
620023,Asparagus 1 thin2
620031,Asparagus 1 medium
620032,Asparagus 1 medium1
620033,Asparagus 1 medium2
620041,Asparagus 1 thick
620042,Asparagus 1 thick1
620043,Asparagus 1 thick2
620051,Asparagus 1 jumbo
620100,Asparagus 1 tips
620111,Asparagus 1 tips Suppe
620121,Asparagus 1 tips thin
620122,Asparagus 1 tips thin1
620123,Asparagus 1 tips thin2
620131,Asparagus 1 tips medium
620132,Asparagus 1 tips medium1
620133,Asparagus 1 tips medium2
620141,Asparagus 1 tips thick
620142,Asparagus 1 tips thick1
620143,Asparagus 1 tips thick2
620151,Asparagus 1 tips jumbo
621000,Asparagus 1 short
621011,Asparagus 1 short Suppe
621021,Asparagus 1 short thin
621022,Asparagus 1 short thin1
621023,Asparagus 1 short thin2
621031,Asparagus 1 short medium
621032,Asparagus 1 short medium1
621033,Asparagus 1 short medium2
621041,Asparagus 1 short thick
621042,Asparagus 1 short thick1
621043,Asparagus 1 short thick2
621051,Asparagus 1 short jumbo
622000,Asparagus 1 middle
622011,Asparagus 1 middle Suppe
622021,Asparagus 1 middle thin
622022,Asparagus 1 middle thin1
622023,Asparagus 1 middle thin2
622031,Asparagus 1 middle medium
622032,Asparagus 1 middle medium1
622033,Asparagus 1 middle medium2
622041,Asparagus 1 middle thick
622042,Asparagus 1 middle thick1
622043,Asparagus 1 middle thick2
622051,Asparagus 1 middle jumbo
623000,Asparagus 1 long
623011,Asparagus 1 long Suppe
623021,Asparagus 1 long thin
623022,Asparagus 1 long thin1
623023,Asparagus 1 long thin2
623031,Asparagus 1 long medium
623032,Asparagus 1 long medium1
623033,Asparagus 1 long medium2
623041,Asparagus 1 long thick
623042,Asparagus 1 long thick1
623043,Asparagus 1 long thick2
623051,Asparagus 1 long jumbo
630000,Asparagus 2
630011,Asparagus 2 Suppe
630021,Asparagus 2 thin
630022,Asparagus 2 thin1
630023,Asparagus 2 thin2
630031,Asparagus 2 medium
630032,Asparagus 2 medium1
630033,Asparagus 2 medium2
630041,Asparagus 2 thick
630042,Asparagus 2 thick1
630043,Asparagus 2 thick2
630051,Asparagus 2 jumbo
630100,Asparagus 2 tips
630111,Asparagus 2 tips Suppe
630121,Asparagus 2 tips thin
630122,Asparagus 2 tips thin1
630123,Asparagus 2 tips thin2
630131,Asparagus 2 tips medium
630132,Asparagus 2 tips medium1
630133,Asparagus 2 tips medium2
630141,Asparagus 2 tips thick
630142,Asparagus 2 tips thick1
630143,Asparagus 2 tips thick2
630151,Asparagus 2 tips jumbo
631000,Asparagus 2 short
631011,Asparagus 2 short Suppe
631021,Asparagus 2 short thin
631022,Asparagus 2 short thin1
631023,Asparagus 2 short thin2
631031,Asparagus 2 short medium
631032,Asparagus 2 short medium1
631033,Asparagus 2 short medium2
631041,Asparagus 2 short thick
631042,Asparagus 2 short thick1
631043,Asparagus 2 short thick2
631051,Asparagus 2 short jumbo
632000,Asparagus 2 middle
632011,Asparagus 2 middle Suppe
632021,Asparagus 2 middle thin
632022,Asparagus 2 middle thin1
632023,Asparagus 2 middle thin2
632031,Asparagus 2 middle medium
632032,Asparagus 2 middle medium1
632033,Asparagus 2 middle medium2
632041,Asparagus 2 middle thick
632042,Asparagus 2 middle thick1
632043,Asparagus 2 middle thick2
632051,Asparagus 2 middle jumbo
633000,Asparagus 2 long
633011,Asparagus 2 long Suppe
633021,Asparagus 2 long thin
633022,Asparagus 2 long thin1
633023,Asparagus 2 long thin2
633031,Asparagus 2 long medium
633032,Asparagus 2 long medium1
633033,Asparagus 2 long medium2
633041,Asparagus 2 long thick
633042,Asparagus 2 long thick1
633043,Asparagus 2 long thick2
633051,Asparagus 2 long jumbo
900000,Cortos
910000,Club form
920000,Oval
930000,Crooked
940000,Flower
950000,Oxid/Peeling spears
960000,Hollow
970000,Double spears
980000,Broken
990000,Too long
999999,Rest

