100000,Blanco
100011,Blanco Sopa
100021,Blanco delgado
100022,Blanco delgado1
100023,Blanco delgado2
100031,Blanco medio
100032,Blanco medio1
100033,Blanco medio2
100041,Blanco grueso
100042,Blanco grueso1
100043,Blanco grueso2
100051,Blanco jumbo
100100,Blanco puntas
100111,Blanco puntas Sopa
100121,Blanco puntas delgado
100122,Blanco puntas delgado1
100123,Blanco puntas delgado2
100131,Blanco puntas medio
100132,Blanco puntas medio1
100133,Blanco puntas medio2
100141,Blanco puntas grueso
100142,Blanco puntas grueso1
100143,Blanco puntas grueso2
100151,Blanco puntas jumbo
101000,Blanco corto
101011,Blanco corto Sopa
101021,Blanco corto delgado
101022,Blanco corto delgado1
101023,Blanco corto delgado2
101031,Blanco corto medio
101032,Blanco corto medio1
101033,Blanco corto medio2
101041,Blanco corto grueso
101042,Blanco corto grueso1
101043,Blanco corto grueso2
101051,Blanco corto jumbo
102000,Blanco medio
102011,Blanco medio Sopa
102021,Blanco medio delgado
102022,Blanco medio delgado1
102023,Blanco medio delgado2
102031,Blanco medio medio
102032,Blanco medio medio1
102033,Blanco medio medio2
102041,Blanco medio grueso
102042,Blanco medio grueso1
102043,Blanco medio grueso2
102051,Blanco medio jumbo
103000,Blanco largo
103011,Blanco largo Sopa
103021,Blanco largo delgado
103022,Blanco largo delgado1
103023,Blanco largo delgado2
103031,Blanco largo medio
103032,Blanco largo medio1
103033,Blanco largo medio2
103041,Blanco largo grueso
103042,Blanco largo grueso1
103043,Blanco largo grueso2
103051,Blanco largo jumbo
110000,Blanco extra
110011,Blanco extra Sopa
110021,Blanco extra delgado
110022,Blanco extra delgado1
110023,Blanco extra delgado2
110031,Blanco extra medio
110032,Blanco extra medio1
110033,Blanco extra medio2
110041,Blanco extra grueso
110042,Blanco extra grueso1
110043,Blanco extra grueso2
110051,Blanco extra jumbo
110100,Blanco E puntas
110111,Blanco E puntas Sopa
110121,Blanco E puntas delgado
110122,Blanco E puntas delgado1
110123,Blanco E puntas delgado2
110131,Blanco E puntas medio
110132,Blanco E puntas medio1
110133,Blanco E puntas medio2
110141,Blanco E puntas grueso
110142,Blanco E puntas grueso1
110143,Blanco E puntas grueso2
110151,Blanco E puntas jumbo
111000,Blanco E corto
111011,Blanco E corto Sopa
111021,Blanco E corto delgado
111022,Blanco E corto delgado1
111023,Blanco E corto delgado2
111031,Blanco E corto medio
111032,Blanco E corto medio1
111033,Blanco E corto medio2
111041,Blanco E corto grueso
111042,Blanco E corto grueso1
111043,Blanco E corto grueso2
111051,Blanco E corto jumbo
112000,Blanco E medio
112011,Blanco E medio Sopa
112021,Blanco E medio delgado
112022,Blanco E medio delgado1
112023,Blanco E medio delgado2
112031,Blanco E medio medio
112032,Blanco E medio medio1
112033,Blanco E medio medio2
112041,Blanco E medio grueso
112042,Blanco E medio grueso1
112043,Blanco E medio grueso2
112051,Blanco E medio jumbo
113000,Blanco E largo
113011,Blanco E largo Sopa
113021,Blanco E largo delgado
113022,Blanco E largo delgado1
113023,Blanco E largo delgado2
113031,Blanco E largo medio
113032,Blanco E largo medio1
113033,Blanco E largo medio2
113041,Blanco E largo grueso
113042,Blanco E largo grueso1
113043,Blanco E largo grueso2
113051,Blanco E largo jumbo
120000,Blanco 1
120011,Blanco 1 Sopa
120021,Blanco 1 delgado
120022,Blanco 1 delgado1
120023,Blanco 1 delgado2
120031,Blanco 1 medio
120032,Blanco 1 medio1
120033,Blanco 1 medio2
120041,Blanco 1 grueso
120042,Blanco 1 grueso1
120043,Blanco 1 grueso2
120051,Blanco 1 jumbo
120100,Blanco 1 puntas
120111,Blanco 1 puntas Sopa
120121,Blanco 1 puntas delgado
120122,Blanco 1 puntas delgado1
120123,Blanco 1 puntas delgado2
120131,Blanco 1 puntas medio
120132,Blanco 1 puntas medio1
120133,Blanco 1 puntas medio2
120141,Blanco 1 puntas grueso
120142,Blanco 1 puntas grueso1
120143,Blanco 1 puntas grueso2
120151,Blanco 1 puntas jumbo
121000,Blanco 1 corto
121011,Blanco 1 corto Sopa
121021,Blanco 1 corto delgado
121022,Blanco 1 corto delgado1
121023,Blanco 1 corto delgado2
121031,Blanco 1 corto medio
121032,Large FRESCO Corto
121033,Extra Large FRESCO Corto
121041,Jumbo FRESCO Corto
121042,Blanco 1 corto grueso1
121043,Blanco 1 corto grueso2
121051,Blanco 1 corto jumbo
122000,Blanco 1 medio
122011,Blanco 1 medio Sopa
122021,Estandar FRESCO Mediano
122022,Blanco 1 medio delgado1
122023,Blanco 1 medio delgado2
122031,Blanco 1 medio medio
122032,Large FRESCO Mediano
122033,Extra Large FRESCO Mediano
122041,Blanco 1 medio grueso
122042,Blanco 1 medio grueso1
122043,Blanco 1 medio grueso2
122051,Blanco 1 medio jumbo
123000,Blanco 1 largo
123011,Blanco 1 largo Sopa
123021,Estandar FRESCO Largo
123022,Blanco 1 largo delgado1
123023,Blanco 1 largo delgado2
123031,Blanco 1 largo medio
123032,Large FRESCO Largo
123033,Extra Large FRESCO Largo
123041,Jumbo FRESCO Largo
123042,Blanco 1 largo grueso1
123043,Blanco 1 largo grueso2
123051,Colosal FRESCO
130000,Blanco 2
130011,Blanco 2 Sopa
130021,Blanco 2 delgado
130022,Blanco 2 delgado1
130023,Blanco 2 delgado2
130031,Blanco 2 medio
130032,Blanco 2 medio1
130033,Blanco 2 medio2
130041,Blanco 2 grueso
130042,Blanco 2 grueso1
130043,Blanco 2 grueso2
130051,Blanco 2 jumbo
130100,Blanco 2 puntas
130111,Blanco 2 puntas Sopa
130121,Blanco 2 puntas delgado
130122,Blanco 2 puntas delgado1
130123,Blanco 2 puntas delgado2
130131,Blanco 2 puntas medio
130132,Blanco 2 puntas medio1
130133,Blanco 2 puntas medio2
130141,Blanco 2 puntas grueso
130142,Blanco 2 puntas grueso1
130143,Blanco 2 puntas grueso2
130151,Blanco 2 puntas jumbo
131000,Blanco 2 corto
131011,Blanco 2 corto Sopa
131021,Blanco 2 corto delgado
131022,Blanco 2 corto delgado1
131023,Blanco 2 corto delgado2
131031,Blanco 2 corto medio
131032,Blanco 2 corto medio1
131033,Blanco 2 corto medio2
131041,Blanco 2 corto grueso
131042,Blanco 2 corto grueso1
131043,Blanco 2 corto grueso2
131051,Blanco 2 corto jumbo
132000,Blanco 2 medio
132011,Blanco 2 medio Sopa
132021,Blanco 2 medio delgado
132022,Blanco 2 medio delgado1
132023,Blanco 2 medio delgado2
132031,Blanco 2 medio medio
132032,Blanco 2 medio medio1
132033,Blanco 2 medio medio2
132041,Blanco 2 medio grueso
132042,Blanco 2 medio grueso1
132043,Blanco 2 medio grueso2
132051,Blanco 2 medio jumbo
133000,Blanco 2 largo
133011,Blanco 2 largo Sopa
133021,Blanco 2 largo delgado
133022,Blanco 2 largo delgado1
133023,Blanco 2 largo delgado2
133031,Blanco 2 largo medio
133032,Blanco 2 largo medio1
133033,Blanco 2 largo medio2
133041,Blanco 2 largo grueso
133042,Blanco 2 largo grueso1
133043,Blanco 2 largo grueso2
133051,Blanco 2 largo jumbo
190000,Special Blanco sort form
191000,Blanco club form
192000,Blanco ovalado
193000,Blanco torcido
194000,Blanco flower
195000,Blanco oxid/peeling spears
196000,Blanco hueco
197000,Dobles
198000,Blanco roto
199000,Blanco muy largo
199999,Descarte
200000,Vio
200011,Vio Sopa
200021,Vio delgado
200022,Vio delgado1
200023,Vio delgado2
200031,Vio medio
200032,Vio medio1
200033,Vio medio2
200041,Vio grueso
200042,Vio grueso1
200043,Vio grueso2
200051,Vio jumbo
200100,Vio puntas
200111,Vio puntas Sopa
200121,Vio puntas delgado
200122,Vio puntas delgado1
200123,Vio puntas delgado2
200131,Vio puntas medio
200132,Vio puntas medio1
200133,Vio puntas medio2
200141,Vio puntas grueso
200142,Vio puntas grueso1
200143,Vio puntas grueso2
200151,Vio puntas jumbo
201000,Vio corto
201011,Vio corto Sopa
201021,Vio corto delgado
201022,Vio corto delgado1
201023,Vio corto delgado2
201031,Vio corto medio
201032,Vio corto medio1
201033,Vio corto medio2
201041,Vio corto grueso
201042,Vio corto grueso1
201043,Vio corto grueso2
201051,Vio corto jumbo
202000,Vio medio
202011,Vio medio Sopa
202021,Vio medio delgado
202022,Vio medio delgado1
202023,Vio medio delgado2
202031,Vio medio medio
202032,Vio medio medio1
202033,Vio medio medio2
202041,Vio medio grueso
202042,Vio medio grueso1
202043,Vio medio grueso2
202051,Vio medio jumbo
203000,Vio largo
203011,Vio largo Sopa
203021,Vio largo delgado
203022,Vio largo delgado1
203023,Vio largo delgado2
203031,Vio largo medio
203032,Vio largo medio1
203033,Vio largo medio2
203041,Vio largo grueso
203042,Vio largo grueso1
203043,Vio largo grueso2
203051,Vio largo jumbo
210000,Vio extra
210011,Vio extra Sopa
210021,Vio extra delgado
210022,Vio extra delgado1
210023,Vio extra delgado2
210031,Vio extra medio
210032,Vio extra medio1
210033,Vio extra medio2
210041,Vio extra grueso
210042,Vio extra grueso1
210043,Vio extra grueso2
210051,Vio extra jumbo
210100,Vio E puntas
210111,Vio E puntas Sopa
210121,Vio E puntas delgado
210122,Vio E puntas delgado1
210123,Vio E puntas delgado2
210131,Vio E puntas medio
210132,Vio E puntas medio1
210133,Vio E puntas medio2
210141,Vio E puntas grueso
210142,Vio E puntas grueso1
210143,Vio E puntas grueso2
210151,Vio E puntas jumbo
211000,Vio E corto
211011,Vio E corto Sopa
211021,Vio E corto delgado
211022,Vio E corto delgado1
211023,Vio E corto delgado2
211031,Vio E corto medio
211032,Vio E corto medio1
211033,Vio E corto medio2
211041,Vio E corto grueso
211042,Vio E corto grueso1
211043,Vio E corto grueso2
211051,Vio E corto jumbo
212000,Vio E medio
212011,Vio E medio Sopa
212021,Vio E medio delgado
212022,Vio E medio delgado1
212023,Vio E medio delgado2
212031,Vio E medio medio
212032,Vio E medio medio1
212033,Vio E medio medio2
212041,Vio E medio grueso
212042,Vio E medio grueso1
212043,Vio E medio grueso2
212051,Vio E medio jumbo
213000,Vio E largo
213011,Vio E largo Sopa
213021,Vio E largo delgado
213022,Vio E largo delgado1
213023,Vio E largo delgado2
213031,Vio E largo medio
213032,Vio E largo medio1
213033,Vio E largo medio2
213041,Vio E largo grueso
213042,Vio E largo grueso1
213043,Vio E largo grueso2
213051,Vio E largo jumbo
220000,Vio 1
220011,Vio 1 Sopa
220021,Vio 1 delgado
220022,Vio 1 delgado1
220023,Vio 1 delgado2
220031,Vio 1 medio
220032,Vio 1 medio1
220033,Vio 1 medio2
220041,Vio 1 grueso
220042,Vio 1 grueso1
220043,Vio 1 grueso2
220051,Vio 1 jumbo
220100,Vio 1 puntas
220111,Vio 1 puntas Sopa
220121,Vio 1 puntas delgado
220122,Vio 1 puntas delgado1
220123,Vio 1 puntas delgado2
220131,Vio 1 puntas medio
220132,Vio 1 puntas medio1
220133,Vio 1 puntas medio2
220141,Vio 1 puntas grueso
220142,Vio 1 puntas grueso1
220143,Vio 1 puntas grueso2
220151,Vio 1 puntas jumbo
221000,Vio 1 corto
221011,Vio 1 corto Sopa
221021,Vio 1 corto delgado
221022,Vio 1 corto delgado1
221023,Vio 1 corto delgado2
221031,Vio 1 corto medio
221032,Vio 1 corto medio1
221033,Vio 1 corto medio2
221041,Vio 1 corto grueso
221042,Vio 1 corto grueso1
221043,Vio 1 corto grueso2
221051,Vio 1 corto jumbo
222000,Vio 1 medio
222011,Vio 1 medio Sopa
222021,Vio 1 medio delgado
222022,Vio 1 medio delgado1
222023,Vio 1 medio delgado2
222031,Vio 1 medio medio
222032,Vio 1 medio medio1
222033,Vio 1 medio medio2
222041,Vio 1 medio grueso
222042,Vio 1 medio grueso1
222043,Vio 1 medio grueso2
222051,Vio 1 medio jumbo
223000,Vio 1 largo
223011,Vio 1 largo Sopa
223021,Vio 1 largo delgado
223022,Vio 1 largo delgado1
223023,Vio 1 largo delgado2
223031,Vio 1 largo medio
223032,Vio 1 largo medio1
223033,Vio 1 largo medio2
223041,Vio 1 largo grueso
223042,Vio 1 largo grueso1
223043,Vio 1 largo grueso2
223051,Vio 1 largo jumbo
230000,Vio 2
230011,Vio 2 Sopa
230021,Vio 2 delgado
230022,Vio 2 delgado1
230023,Vio 2 delgado2
230031,Vio 2 medio
230032,Vio 2 medio1
230033,Vio 2 medio2
230041,Vio 2 grueso
230042,Vio 2 grueso1
230043,Vio 2 grueso2
230051,Vio 2 jumbo
230100,Vio 2 puntas
230111,Vio 2 puntas Sopa
230121,Vio 2 puntas delgado
230122,Vio 2 puntas delgado1
230123,Vio 2 puntas delgado2
230131,Vio 2 puntas medio
230132,Vio 2 puntas medio1
230133,Vio 2 puntas medio2
230141,Vio 2 puntas grueso
230142,Vio 2 puntas grueso1
230143,Vio 2 puntas grueso2
230151,Vio 2 puntas jumbo
231000,Vio 2 corto
231011,Vio 2 corto Sopa
231021,Vio 2 corto delgado
231022,Vio 2 corto delgado1
231023,Vio 2 corto delgado2
231031,Vio 2 corto medio
231032,Vio 2 corto medio1
231033,Vio 2 corto medio2
231041,Vio 2 corto grueso
231042,Vio 2 corto grueso1
231043,Vio 2 corto grueso2
231051,Vio 2 corto jumbo
232000,Vio 2 medio
232011,Vio 2 medio Sopa
232021,Vio 2 medio delgado
232022,Vio 2 medio delgado1
232023,Vio 2 medio delgado2
232031,Vio 2 medio medio
232032,Vio 2 medio medio1
232033,Vio 2 medio medio2
232041,Vio 2 medio grueso
232042,Vio 2 medio grueso1
232043,Vio 2 medio grueso2
232051,Vio 2 medio jumbo
233000,Vio 2 largo
233011,Vio 2 largo Sopa
233021,Vio 2 largo delgado
233022,Vio 2 largo delgado1
233023,Vio 2 largo delgado2
233031,Vio 2 largo medio
233032,Vio 2 largo medio1
233033,Vio 2 largo medio2
233041,Vio 2 largo grueso
233042,Vio 2 largo grueso1
233043,Vio 2 largo grueso2
233051,Vio 2 largo jumbo
300000,VioGrn
300011,VioGrn Sopa
300021,VioGrn delgado
300022,VioGrn delgado1
300023,VioGrn delgado2
300031,VioGrn medio
300032,VioGrn medio1
300033,VioGrn medio2
300041,VioGrn grueso
300042,VioGrn grueso1
300043,VioGrn grueso2
300051,VioGrn jumbo
300100,VioGrn puntas
300111,VioGrn puntas Sopa
300121,VioGrn puntas delgado
300122,VioGrn puntas delgado1
300123,VioGrn puntas delgado2
300131,VioGrn puntas medio
300132,VioGrn puntas medio1
300133,VioGrn puntas medio2
300141,VioGrn puntas grueso
300142,VioGrn puntas grueso1
300143,VioGrn puntas grueso2
300151,VioGrn puntas jumbo
301000,VioGrn corto
301011,VioGrn corto Sopa
301021,VioGrn corto delgado
301022,VioGrn corto delgado1
301023,VioGrn corto delgado2
301031,VioGrn corto medio
301032,VioGrn corto medio1
301033,VioGrn corto medio2
301041,VioGrn corto grueso
301042,VioGrn corto grueso1
301043,VioGrn corto grueso2
301051,VioGrn corto jumbo
302000,VioGrn medio
302011,VioGrn medio Sopa
302021,VioGrn medio delgado
302022,VioGrn medio delgado1
302023,VioGrn medio delgado2
302031,VioGrn medio medio
302032,VioGrn medio medio1
302033,VioGrn medio medio2
302041,VioGrn medio grueso
302042,VioGrn medio grueso1
302043,VioGrn medio grueso2
302051,VioGrn medio jumbo
303000,VioGrn largo
303011,VioGrn largo Sopa
303021,VioGrn largo delgado
303022,VioGrn largo delgado1
303023,VioGrn largo delgado2
303031,VioGrn largo medio
303032,VioGrn largo medio1
303033,VioGrn largo medio2
303041,VioGrn largo grueso
303042,VioGrn largo grueso1
303043,VioGrn largo grueso2
303051,VioGrn largo jumbo
310000,VioGrn extra
310011,VioGrn extra Sopa
310021,VioGrn extra delgado
310022,VioGrn extra delgado1
310023,VioGrn extra delgado2
310031,VioGrn extra medio
310032,VioGrn extra medio1
310033,VioGrn extra medio2
310041,VioGrn extra grueso
310042,VioGrn extra grueso1
310043,VioGrn extra grueso2
310051,VioGrn extra jumbo
310100,VioGrn E puntas
310111,VioGrn E puntas Sopa
310121,VioGrn E puntas delgado
310122,VioGrn E puntas delgado1
310123,VioGrn E puntas delgado2
310131,VioGrn E puntas medio
310132,VioGrn E puntas medio1
310133,VioGrn E puntas medio2
310141,VioGrn E puntas grueso
310142,VioGrn E puntas grueso1
310143,VioGrn E puntas grueso2
310151,VioGrn E puntas jumbo
311000,VioGrn E corto
311011,VioGrn E corto Sopa
311021,VioGrn E corto delgado
311022,VioGrn E corto delgado1
311023,VioGrn E corto delgado2
311031,VioGrn E corto medio
311032,VioGrn E corto medio1
311033,VioGrn E corto medio2
311041,VioGrn E corto grueso
311042,VioGrn E corto grueso1
311043,VioGrn E corto grueso2
311051,VioGrn E corto jumbo
312000,VioGrn E medio
312011,VioGrn E medio Sopa
312021,VioGrn E medio delgado
312022,VioGrn E medio delgado1
312023,VioGrn E medio delgado2
312031,VioGrn E medio medio
312032,VioGrn E medio medio1
312033,VioGrn E medio medio2
312041,VioGrn E medio grueso
312042,VioGrn E medio grueso1
312043,VioGrn E medio grueso2
312051,VioGrn E medio jumbo
313000,VioGrn E largo
313011,VioGrn E largo Sopa
313021,VioGrn E largo delgado
313022,VioGrn E largo delgado1
313023,VioGrn E largo delgado2
313031,VioGrn E largo medio
313032,VioGrn E largo medio1
313033,VioGrn E largo medio2
313041,VioGrn E largo grueso
313042,VioGrn E largo grueso1
313043,VioGrn E largo grueso2
313051,VioGrn E largo jumbo
320000,VioGrn 1
320011,VioGrn 1 Sopa
320021,VioGrn 1 delgado
320022,VioGrn 1 delgado1
320023,VioGrn 1 delgado2
320031,VioGrn 1 medio
320032,VioGrn 1 medio1
320033,VioGrn 1 medio2
320041,VioGrn 1 grueso
320042,VioGrn 1 grueso1
320043,VioGrn 1 grueso2
320051,VioGrn 1 jumbo
320100,VioGrn 1 puntas
320111,VioGrn 1 puntas Sopa
320121,VioGrn 1 puntas delgado
320122,VioGrn 1 puntas delgado1
320123,VioGrn 1 puntas delgado2
320131,VioGrn 1 puntas medio
320132,VioGrn 1 puntas medio1
320133,VioGrn 1 puntas medio2
320141,VioGrn 1 puntas grueso
320142,VioGrn 1 puntas grueso1
320143,VioGrn 1 puntas grueso2
320151,VioGrn 1 puntas jumbo
321000,VioGrn 1 corto
321011,VioGrn 1 corto Sopa
321021,VioGrn 1 corto delgado
321022,VioGrn 1 corto delgado1
321023,VioGrn 1 corto delgado2
321031,VioGrn 1 corto medio
321032,VioGrn 1 corto medio1
321033,VioGrn 1 corto medio2
321041,VioGrn 1 corto grueso
321042,VioGrn 1 corto grueso1
321043,VioGrn 1 corto grueso2
321051,VioGrn 1 corto jumbo
322000,VioGrn 1 medio
322011,VioGrn 1 medio Sopa
322021,VioGrn 1 medio delgado
322022,VioGrn 1 medio delgado1
322023,VioGrn 1 medio delgado2
322031,VioGrn 1 medio medio
322032,VioGrn 1 medio medio1
322033,VioGrn 1 medio medio2
322041,VioGrn 1 medio grueso
322042,VioGrn 1 medio grueso1
322043,VioGrn 1 medio grueso2
322051,VioGrn 1 medio jumbo
323000,VioGrn 1 largo
323011,VioGrn 1 largo Sopa
323021,VioGrn 1 largo delgado
323022,VioGrn 1 largo delgado1
323023,VioGrn 1 largo delgado2
323031,VioGrn 1 largo medio
323032,VioGrn 1 largo medio1
323033,VioGrn 1 largo medio2
323041,VioGrn 1 largo grueso
323042,VioGrn 1 largo grueso1
323043,VioGrn 1 largo grueso2
323051,VioGrn 1 largo jumbo
330000,VioGrn 2
330011,VioGrn 2 Sopa
330021,VioGrn 2 delgado
330022,VioGrn 2 delgado1
330023,VioGrn 2 delgado2
330031,VioGrn 2 medio
330032,VioGrn 2 medio1
330033,VioGrn 2 medio2
330041,VioGrn 2 grueso
330042,VioGrn 2 grueso1
330043,VioGrn 2 grueso2
330051,VioGrn 2 jumbo
330100,VioGrn 2 puntas
330111,VioGrn 2 puntas Sopa
330121,VioGrn 2 puntas delgado
330122,VioGrn 2 puntas delgado1
330123,VioGrn 2 puntas delgado2
330131,VioGrn 2 puntas medio
330132,VioGrn 2 puntas medio1
330133,VioGrn 2 puntas medio2
330141,VioGrn 2 puntas grueso
330142,VioGrn 2 puntas grueso1
330143,VioGrn 2 puntas grueso2
330151,VioGrn 2 puntas jumbo
331000,VioGrn 2 corto
331011,VioGrn 2 corto Sopa
331021,VioGrn 2 corto delgado
331022,VioGrn 2 corto delgado1
331023,VioGrn 2 corto delgado2
331031,VioGrn 2 corto medio
331032,VioGrn 2 corto medio1
331033,VioGrn 2 corto medio2
331041,VioGrn 2 corto grueso
331042,VioGrn 2 corto grueso1
331043,VioGrn 2 corto grueso2
331051,VioGrn 2 corto jumbo
332000,VioGrn 2 medio
332011,VioGrn 2 medio Sopa
332021,VioGrn 2 medio delgado
332022,VioGrn 2 medio delgado1
332023,VioGrn 2 medio delgado2
332031,VioGrn 2 medio medio
332032,VioGrn 2 medio medio1
332033,VioGrn 2 medio medio2
332041,VioGrn 2 medio grueso
332042,VioGrn 2 medio grueso1
332043,VioGrn 2 medio grueso2
332051,VioGrn 2 medio jumbo
333000,VioGrn 2 largo
333011,VioGrn 2 largo Sopa
333021,VioGrn 2 largo delgado
333022,VioGrn 2 largo delgado1
333023,VioGrn 2 largo delgado2
333031,VioGrn 2 largo medio
333032,VioGrn 2 largo medio1
333033,VioGrn 2 largo medio2
333041,VioGrn 2 largo grueso
333042,VioGrn 2 largo grueso1
333043,VioGrn 2 largo grueso2
333051,VioGrn 2 largo jumbo
400000,Verde
400011,Verde Sopa
400021,Verde delgado
400022,Verde delgado1
400023,Verde delgado2
400031,Verde medio
400032,Verde medio1
400033,Verde medio2
400041,Verde grueso
400042,Verde grueso1
400043,Verde grueso2
400051,Verde jumbo
400100,Verde puntas
400111,Verde puntas Sopa
400121,Verde puntas delgado
400122,Verde puntas delgado1
400123,Verde puntas delgado2
400131,Verde puntas medio
400132,Verde puntas medio1
400133,Verde puntas medio2
400141,Verde puntas grueso
400142,Verde puntas grueso1
400143,Verde puntas grueso2
400151,Verde puntas jumbo
401000,Verde corto
401011,Verde corto Sopa
401021,Verde corto delgado
401022,Verde corto delgado1
401023,Verde corto delgado2
401031,Verde corto medio
401032,Verde corto medio1
401033,Verde corto medio2
401041,Verde corto grueso
401042,Verde corto grueso1
401043,Verde corto grueso2
401051,Verde corto jumbo
402000,Verde medio
402011,Verde medio Sopa
402021,Verde medio delgado
402022,Verde medio delgado1
402023,Verde medio delgado2
402031,Verde medio medio
402032,Verde medio medio1
402033,Verde medio medio2
402041,Verde medio grueso
402042,Verde medio grueso1
402043,Verde medio grueso2
402051,Verde medio jumbo
403000,Verde largo
403011,Verde largo Sopa
403021,Verde largo delgado
403022,Verde largo delgado1
403023,Verde largo delgado2
403031,Verde largo medio
403032,Verde largo medio1
403033,Verde largo medio2
403041,Verde largo grueso
403042,Verde largo grueso1
403043,Verde largo grueso2
403051,Verde largo jumbo
410000,Verde extra
410011,Verde extra Sopa
410021,Verde extra delgado
410022,Verde extra delgado1
410023,Verde extra delgado2
410031,Verde extra medio
410032,Verde extra medio1
410033,Verde extra medio2
410041,Verde extra grueso
410042,Verde extra grueso1
410043,Verde extra grueso2
410051,Verde extra jumbo
410100,Verde E puntas
410111,Verde E puntas Sopa
410121,Verde E puntas delgado
410122,Verde E puntas delgado1
410123,Verde E puntas delgado2
410131,Verde E puntas medio
410132,Verde E puntas medio1
410133,Verde E puntas medio2
410141,Verde E puntas grueso
410142,Verde E puntas grueso1
410143,Verde E puntas grueso2
410151,Verde E puntas jumbo
411000,Verde E corto
411011,Verde E corto Sopa
411021,Verde E corto delgado
411022,Verde E corto delgado1
411023,Verde E corto delgado2
411031,Verde E corto medio
411032,Verde E corto medio1
411033,Verde E corto medio2
411041,Verde E corto grueso
411042,Verde E corto grueso1
411043,Verde E corto grueso2
411051,Verde E corto jumbo
412000,Verde E medio
412011,Verde E medio Sopa
412021,Verde E medio delgado
412022,Verde E medio delgado1
412023,Verde E medio delgado2
412031,Verde E medio medio
412032,Verde E medio medio1
412033,Verde E medio medio2
412041,Verde E medio grueso
412042,Verde E medio grueso1
412043,Verde E medio grueso2
412051,Verde E medio jumbo
413000,Verde E largo
413011,Verde E largo Sopa
413021,Verde E largo delgado
413022,Verde E largo delgado1
413023,Verde E largo delgado2
413031,Verde E largo medio
413032,Verde E largo medio1
413033,Verde E largo medio2
413041,Verde E largo grueso
413042,Verde E largo grueso1
413043,Verde E largo grueso2
413051,Verde E largo jumbo
420000,Verde 1
420011,Verde 1 Sopa
420021,Verde 1 delgado
420022,Verde 1 delgado1
420023,Verde 1 delgado2
420031,Verde 1 medio
420032,Verde 1 medio1
420033,Verde 1 medio2
420041,Verde 1 grueso
420042,Verde 1 grueso1
420043,Verde 1 grueso2
420051,Verde 1 jumbo
420100,Verde 1 puntas
420111,Verde 1 puntas Sopa
420121,Verde 1 puntas delgado
420122,Verde 1 puntas delgado1
420123,Verde 1 puntas delgado2
420124,Verde 1 puntas delgado3
420131,Verde 1 puntas medio
420132,Verde 1 puntas medio1
420133,Verde 1 puntas medio2
420134,Verde 1 puntas medio3
420141,Verde 1 puntas grueso
420142,Verde 1 puntas grueso1
420143,Verde 1 puntas grueso2
420144,Verde 1 puntas grueso3
420151,Verde 1 puntas jumbo
421000,Verde 1 corto
421011,Verde 1 corto Sopa
421021,Verde 1 corto delgado
421022,Verde 1 corto delgado1
421023,Verde 1 corto delgado2
421024,Verde 1 corto delgado3
421031,Verde 1 corto medio
421032,Verde 1 corto medio1
421033,Verde 1 corto medio2
421034,Verde 1 corto medio3
421041,Verde 1 corto grueso
421042,Verde 1 corto grueso1
421043,Verde 1 corto grueso2
421044,Verde 1 corto grueso3
421051,Verde 1 corto jumbo
422000,Verde 1 medio
422011,Verde 1 medio Sopa
422021,Verde 1 medio delgado
422022,Verde 1 medio delgado1
422023,Verde 1 medio delgado2
422024,Verde 1 medio delgado3
422031,Verde 1 medio medio
422032,Verde 1 medio medio1
422033,Verde 1 medio medio2
422034,Verde 1 medio medio3
422041,Verde 1 medio grueso
422042,Verde 1 medio grueso1
422043,Verde 1 medio grueso2
422044,Verde 1 medio grueso3
422051,Verde 1 medio jumbo
423000,Verde 1 largo
423011,Verde 1 largo Sopa
423021,Verde 1 largo delgado
423022,Verde 1 largo delgado1
423023,Verde 1 largo delgado2
423024,Verde 1 largo delgado3
423031,Verde 1 largo medio
423032,Verde 1 largo medio1
423033,Verde 1 largo medio2
423034,Verde 1 largo medio3
423041,Verde 1 largo grueso
423042,Verde 1 largo grueso1
423043,Verde 1 largo grueso2
423044,Verde 1 largo grueso3
423051,Verde 1 largo jumbo
430000,Verde 2
430011,Verde 2 Sopa
430021,Verde 2 delgado
430022,Verde 2 delgado1
430023,Verde 2 delgado2
430024,Verde 2 delgado3
430031,Verde 2 medio
430032,Verde 2 medio1
430033,Verde 2 medio2
430034,Verde 2 medio3
430041,Verde 2 grueso
430042,Verde 2 grueso1
430043,Verde 2 grueso2
430051,Verde 2 jumbo
430100,Verde 2 puntas
430111,Verde 2 puntas Sopa
430121,Verde 2 puntas delgado
430122,Verde 2 puntas delgado1
430123,Verde 2 puntas delgado2
430131,Verde 2 puntas medio
430132,Verde 2 puntas medio1
430133,Verde 2 puntas medio2
430141,Verde 2 puntas grueso
430142,Verde 2 puntas grueso1
430143,Verde 2 puntas grueso2
430151,Verde 2 puntas jumbo
431000,Verde 2 corto
431011,Verde 2 corto Sopa
431021,Verde 2 corto delgado
431022,Verde 2 corto delgado1
431023,Verde 2 corto delgado2
431031,Verde 2 corto medio
431032,Verde 2 corto medio1
431033,Verde 2 corto medio2
431041,Verde 2 corto grueso
431042,Verde 2 corto grueso1
431043,Verde 2 corto grueso2
431051,Verde 2 corto jumbo
432000,Verde 2 medio
432011,Verde 2 medio Sopa
432021,Verde 2 medio delgado
432022,Verde 2 medio delgado1
432023,Verde 2 medio delgado2
432031,Verde 2 medio medio
432032,Verde 2 medio medio1
432033,Verde 2 medio medio2
432041,Verde 2 medio grueso
432042,Verde 2 medio grueso1
432043,Verde 2 medio grueso2
432051,Verde 2 medio jumbo
433000,Verde 2 largo
433011,Verde 2 largo Sopa
433021,Verde 2 largo delgado
433022,Verde 2 largo delgado1
433023,Verde 2 largo delgado2
433031,Verde 2 largo medio
433032,Verde 2 largo medio1
433033,Verde 2 largo medio2
433041,Verde 2 largo grueso
433042,Verde 2 largo grueso1
433043,Verde 2 largo grueso2
433051,Verde 2 largo jumbo
493000,Verde torcido
494000,Verde flower
495000,Verde Blanco
497000,Verde double
499000,Verde muy largo
499999,Verde rest
500000,W+V
500011,W+V Sopa
500012,Picnic
500013,Minima
500021,W+V delgado
500022,W+V delgado1
500023,W+V delgado2
500031,W+V medio
500032,W+V medio1
500033,W+V medio2
500041,W+V grueso
500042,W+V grueso1
500043,W+V grueso2
500051,W+V jumbo
500100,W+V puntas
500111,W+V puntas Sopa
500121,ABC2 CORTO
500122,W+V puntas delgado1
500123,W+V puntas delgado2
500131,W+V puntas medio
500132,ABC1 DELGADO CORTO
500133,ABC1 MEDIANO CORTO
500141,ABC1 GRUESO CORTO
500142,W+V puntas grueso1
500143,W+V puntas grueso2
500151,W+V puntas jumbo
501000,W+V corto
501011,W+V corto Sopa
501021,ABC2 CORTO
501022,W+V corto delgado1
501023,W+V corto delgado2
501031,W+V corto medio
501032,ABC1 DELGADO CORTO
501033,ABC1 MEDIANO CORTO
501041,ABC1 GRUESO CORTO
501042,W+V corto grueso1
501043,W+V corto grueso2
501051,W+V corto jumbo
502000,W+V medio
502011,W+V medio Sopa
502021,W+V medio delgado
502022,W+V medio delgado1
502023,W+V medio delgado2
502031,W+V medio medio
502032,W+V medio medio1
502033,W+V medio medio2
502041,W+V medio grueso
502042,W+V medio grueso1
502043,W+V medio grueso2
502051,W+V medio jumbo
503000,W+V largo
503011,W+V largo Sopa
503021,ABC2
503022,W+V largo delgado1
503023,W+V largo delgado2
503031,W+V largo medio
503032,ABC1 DELGADO
503033,ABC1 MEDIANO
503041,ABC1 GRUESO
503042,W+V largo grueso1
503043,W+V largo grueso2
503051,Jumbo
510000,W+V extra
510011,W+V extra Sopa
510021,W+V extra delgado
510022,W+V extra delgado1
510023,W+V extra delgado2
510031,W+V extra medio
510032,W+V extra medio1
510033,W+V extra medio2
510041,W+V extra grueso
510042,W+V extra grueso1
510043,W+V extra grueso2
510051,W+V extra jumbo
510100,W+V E puntas
510111,W+V E puntas Sopa
510121,W+V E puntas delgado
510122,W+V E puntas delgado1
510123,W+V E puntas delgado2
510131,W+V E puntas medio
510132,W+V E puntas medio1
510133,W+V E puntas medio2
510141,W+V E puntas grueso
510142,W+V E puntas grueso1
510143,W+V E puntas grueso2
510151,W+V E puntas jumbo
511000,W+V E corto
511011,W+V E corto Sopa
511021,W+V E corto delgado
511022,W+V E corto delgado1
511023,W+V E corto delgado2
511031,W+V E corto medio
511032,W+V E corto medio1
511033,W+V E corto medio2
511041,W+V E corto grueso
511042,W+V E corto grueso1
511043,W+V E corto grueso2
511051,W+V E corto jumbo
512000,W+V E medio
512011,W+V E medio Sopa
512021,W+V E medio delgado
512022,W+V E medio delgado1
512023,W+V E medio delgado2
512031,W+V E medio medio
512032,W+V E medio medio1
512033,W+V E medio medio2
512041,W+V E medio grueso
512042,W+V E medio grueso1
512043,W+V E medio grueso2
512051,W+V E medio jumbo
513000,W+V E largo
513011,W+V E largo Sopa
513021,W+V E largo delgado
513022,W+V E largo delgado1
513023,W+V E largo delgado2
513031,W+V E largo medio
513032,W+V E largo medio1
513033,W+V E largo medio2
513041,W+V E largo grueso
513042,W+V E largo grueso1
513043,W+V E largo grueso2
513051,W+V E largo jumbo
520000,W+V 1
520011,W+V 1 Sopa
520021,W+V 1 delgado
520022,W+V 1 delgado1
520023,W+V 1 delgado2
520031,W+V 1 medio
520032,W+V 1 medio1
520033,W+V 1 medio2
520041,W+V 1 grueso
520042,W+V 1 grueso1
520043,W+V 1 grueso2
520051,W+V 1 jumbo
520100,W+V 1 puntas
520111,W+V 1 puntas Sopa
520121,W+V 1 puntas delgado
520122,W+V 1 puntas delgado1
520123,W+V 1 puntas delgado2
520131,W+V 1 puntas medio
520132,W+V 1 puntas medio1
520133,W+V 1 puntas medio2
520141,W+V 1 puntas grueso
520142,W+V 1 puntas grueso1
520143,W+V 1 puntas grueso2
520151,W+V 1 puntas jumbo
521000,W+V 1 corto
521011,W+V 1 corto Sopa
521021,W+V 1 corto delgado
521022,W+V 1 corto delgado1
521023,W+V 1 corto delgado2
521031,W+V 1 corto medio
521032,W+V 1 corto medio1
521033,W+V 1 corto medio2
521041,W+V 1 corto grueso
521042,W+V 1 corto grueso1
521043,W+V 1 corto grueso2
521051,W+V 1 corto jumbo
522000,W+V 1 medio
522011,W+V 1 medio Sopa
522021,W+V 1 medio delgado
522022,W+V 1 medio delgado1
522023,W+V 1 medio delgado2
522031,W+V 1 medio medio
522032,W+V 1 medio medio1
522033,W+V 1 medio medio2
522041,W+V 1 medio grueso
522042,W+V 1 medio grueso1
522043,W+V 1 medio grueso2
522051,W+V 1 medio jumbo
523000,W+V 1 largo
523011,W+V 1 largo Sopa
523021,W+V 1 largo delgado
523022,W+V 1 largo delgado1
523023,W+V 1 largo delgado2
523031,W+V 1 largo medio
523032,W+V 1 largo medio1
523033,W+V 1 largo medio2
523041,W+V 1 largo grueso
523042,W+V 1 largo grueso1
523043,W+V 1 largo grueso2
523051,W+V 1 largo jumbo
530000,W+V 2
530011,W+V 2 Sopa
530021,W+V 2 delgado
530022,W+V 2 delgado1
530023,W+V 2 delgado2
530031,W+V 2 medio
530032,W+V 2 medio1
530033,W+V 2 medio2
530041,W+V 2 grueso
530042,W+V 2 grueso1
530043,W+V 2 grueso2
530051,W+V 2 jumbo
530100,W+V 2 puntas
530111,W+V 2 puntas Sopa
530121,W+V 2 puntas delgado
530122,W+V 2 puntas delgado1
530123,W+V 2 puntas delgado2
530131,W+V 2 puntas medio
530132,W+V 2 puntas medio1
530133,W+V 2 puntas medio2
530141,W+V 2 puntas grueso
530142,W+V 2 puntas grueso1
530143,W+V 2 puntas grueso2
530151,W+V 2 puntas jumbo
531000,W+V 2 corto
531011,W+V 2 corto Sopa
531021,W+V 2 corto delgado
531022,W+V 2 corto delgado1
531023,W+V 2 corto delgado2
531031,W+V 2 corto medio
531032,W+V 2 corto medio1
531033,W+V 2 corto medio2
531041,W+V 2 corto grueso
531042,W+V 2 corto grueso1
531043,W+V 2 corto grueso2
531051,W+V 2 corto jumbo
532000,W+V 2 medio
532011,W+V 2 medio Sopa
532021,W+V 2 medio delgado
532022,W+V 2 medio delgado1
532023,W+V 2 medio delgado2
532031,W+V 2 medio medio
532032,W+V 2 medio medio1
532033,W+V 2 medio medio2
532041,W+V 2 medio grueso
532042,W+V 2 medio grueso1
532043,W+V 2 medio grueso2
532051,W+V 2 medio jumbo
533000,W+V 2 largo
533011,W+V 2 largo Sopa
533021,ABC2
533022,W+V 2 largo delgado1
533023,W+V 2 largo delgado2
533031,W+V 2 largo medio
533032,ABC1 DELGADO
533033,ABC1 MEDIANO
533041,ABC1 GRUESO
533042,W+V 2 largo grueso1
533043,W+V 2 largo grueso2
533051,Jumbo
600000,Esparrago
600011,Esparrago Sopa
600021,Esparrago delgado
600022,Esparrago delgado1
600023,Esparrago delgado2
600031,Esparrago medio
600032,Esparrago medio1
600033,Esparrago medio2
600041,Esparrago grueso
600042,Esparrago grueso1
600043,Esparrago grueso2
600051,Esparrago jumbo
600100,Esparrago puntas
600111,Esparrago puntas Sopa
600121,Esparrago puntas delgado
600122,Esparrago puntas delgado1
600123,Esparrago puntas delgado2
600131,Esparrago puntas medio
600132,Esparrago puntas medio1
600133,Esparrago puntas medio2
600141,Esparrago puntas grueso
600142,Esparrago puntas grueso1
600143,Esparrago puntas grueso2
600151,Esparrago puntas jumbo
601000,Esparrago corto
601011,Esparrago corto Sopa
601021,Esparrago corto delgado
601022,Esparrago corto delgado1
601023,Esparrago corto delgado2
601031,Esparrago corto medio
601032,Esparrago corto medio1
601033,Esparrago corto medio2
601041,Esparrago corto grueso
601042,Esparrago corto grueso1
601043,Esparrago corto grueso2
601051,Esparrago corto jumbo
602000,Esparrago medio
602011,Esparrago medio Sopa
602021,Esparrago medio delgado
602022,Esparrago medio delgado1
602023,Esparrago medio delgado2
602031,Esparrago medio medio
602032,Esparrago medio medio1
602033,Esparrago medio medio2
602041,Esparrago medio grueso
602042,Esparrago medio grueso1
602043,Esparrago medio grueso2
602051,Esparrago medio jumbo
603000,Esparrago largo
603011,Esparrago largo Sopa
603021,Esparrago largo delgado
603022,Esparrago largo delgado1
603023,Esparrago largo delgado2
603031,Esparrago largo medio
603032,Esparrago largo medio1
603033,Esparrago largo medio2
603041,Esparrago largo grueso
603042,Esparrago largo grueso1
603043,Esparrago largo grueso2
603051,Esparrago largo jumbo
610000,Esparrago extra
610011,Esparrago extra Sopa
610021,Esparrago extra delgado
610022,Esparrago extra delgado1
610023,Esparrago extra delgado2
610031,Esparrago extra medio
610032,Esparrago extra medio1
610033,Esparrago extra medio2
610041,Esparrago extra grueso
610042,Esparrago extra grueso1
610043,Esparrago extra grueso2
610051,Esparrago extra jumbo
610100,Esparrago E puntas
610111,Esparrago E puntas Sopa
610121,Esparrago E puntas delgado
610122,Esparrago E puntas delgado1
610123,Esparrago E puntas delgado2
610131,Esparrago E puntas medio
610132,Esparrago E puntas medio1
610133,Esparrago E puntas medio2
610141,Esparrago E puntas grueso
610142,Esparrago E puntas grueso1
610143,Esparrago E puntas grueso2
610151,Esparrago E puntas jumbo
611000,Esparrago E corto
611011,Esparrago E corto Sopa
611021,Esparrago E corto delgado
611022,Esparrago E corto delgado1
611023,Esparrago E corto delgado2
611031,Esparrago E corto medio
611032,Esparrago E corto medio1
611033,Esparrago E corto medio2
611041,Esparrago E corto grueso
611042,Esparrago E corto grueso1
611043,Esparrago E corto grueso2
611051,Esparrago E corto jumbo
612000,Esparrago E medio
612011,Esparrago E medio Sopa
612021,Esparrago E medio delgado
612022,Esparrago E medio delgado1
612023,Esparrago E medio delgado2
612031,Esparrago E medio medio
612032,Esparrago E medio medio1
612033,Esparrago E medio medio2
612041,Esparrago E medio grueso
612042,Esparrago E medio grueso1
612043,Esparrago E medio grueso2
612051,Esparrago E medio jumbo
613000,Esparrago E largo
613011,Esparrago E largo Sopa
613021,Esparrago E largo delgado
613022,Esparrago E largo delgado1
613023,Esparrago E largo delgado2
613031,Esparrago E largo medio
613032,Esparrago E largo medio1
613033,Esparrago E largo medio2
613041,Esparrago E largo grueso
613042,Esparrago E largo grueso1
613043,Esparrago E largo grueso2
613051,Esparrago E largo jumbo
620000,Esparrago 1
620011,Esparrago 1 Sopa
620021,Esparrago 1 delgado
620022,Esparrago 1 delgado1
620023,Esparrago 1 delgado2
620031,Esparrago 1 medio
620032,Esparrago 1 medio1
620033,Esparrago 1 medio2
620041,Esparrago 1 grueso
620042,Esparrago 1 grueso1
620043,Esparrago 1 grueso2
620051,Esparrago 1 jumbo
620100,Esparrago 1 puntas
620111,Esparrago 1 puntas Sopa
620121,Esparrago 1 puntas delgado
620122,Esparrago 1 puntas delgado1
620123,Esparrago 1 puntas delgado2
620131,Esparrago 1 puntas medio
620132,Esparrago 1 puntas medio1
620133,Esparrago 1 puntas medio2
620141,Esparrago 1 puntas grueso
620142,Esparrago 1 puntas grueso1
620143,Esparrago 1 puntas grueso2
620151,Esparrago 1 puntas jumbo
621000,Esparrago 1 corto
621011,Esparrago 1 corto Sopa
621021,Esparrago 1 corto delgado
621022,Esparrago 1 corto delgado1
621023,Esparrago 1 corto delgado2
621031,Esparrago 1 corto medio
621032,Esparrago 1 corto medio1
621033,Esparrago 1 corto medio2
621041,Esparrago 1 corto grueso
621042,Esparrago 1 corto grueso1
621043,Esparrago 1 corto grueso2
621051,Esparrago 1 corto jumbo
622000,Esparrago 1 medio
622011,Esparrago 1 medio Sopa
622021,Esparrago 1 medio delgado
622022,Esparrago 1 medio delgado1
622023,Esparrago 1 medio delgado2
622031,Esparrago 1 medio medio
622032,Esparrago 1 medio medio1
622033,Esparrago 1 medio medio2
622041,Esparrago 1 medio grueso
622042,Esparrago 1 medio grueso1
622043,Esparrago 1 medio grueso2
622051,Esparrago 1 medio jumbo
623000,Esparrago 1 largo
623011,Esparrago 1 largo Sopa
623021,Esparrago 1 largo delgado
623022,Esparrago 1 largo delgado1
623023,Esparrago 1 largo delgado2
623031,Esparrago 1 largo medio
623032,Esparrago 1 largo medio1
623033,Esparrago 1 largo medio2
623041,Esparrago 1 largo grueso
623042,Esparrago 1 largo grueso1
623043,Esparrago 1 largo grueso2
623051,Esparrago 1 largo jumbo
630000,Esparrago 2
630011,Esparrago 2 Sopa
630021,Esparrago 2 delgado
630022,Esparrago 2 delgado1
630023,Esparrago 2 delgado2
630031,Esparrago 2 medio
630032,Esparrago 2 medio1
630033,Esparrago 2 medio2
630041,Esparrago 2 grueso
630042,Esparrago 2 grueso1
630043,Esparrago 2 grueso2
630051,Esparrago 2 jumbo
630100,Esparrago 2 puntas
630111,Esparrago 2 puntas Sopa
630121,Esparrago 2 puntas delgado
630122,Esparrago 2 puntas delgado1
630123,Esparrago 2 puntas delgado2
630131,Esparrago 2 puntas medio
630132,Esparrago 2 puntas medio1
630133,Esparrago 2 puntas medio2
630141,Esparrago 2 puntas grueso
630142,Esparrago 2 puntas grueso1
630143,Esparrago 2 puntas grueso2
630151,Esparrago 2 puntas jumbo
631000,Esparrago 2 corto
631011,Esparrago 2 corto Sopa
631021,Esparrago 2 corto delgado
631022,Esparrago 2 corto delgado1
631023,Esparrago 2 corto delgado2
631031,Esparrago 2 corto medio
631032,Esparrago 2 corto medio1
631033,Esparrago 2 corto medio2
631041,Esparrago 2 corto grueso
631042,Esparrago 2 corto grueso1
631043,Esparrago 2 corto grueso2
631051,Esparrago 2 corto jumbo
632000,Esparrago 2 medio
632011,Esparrago 2 medio Sopa
632021,Esparrago 2 medio delgado
632022,Esparrago 2 medio delgado1
632023,Esparrago 2 medio delgado2
632031,Esparrago 2 medio medio
632032,Esparrago 2 medio medio1
632033,Esparrago 2 medio medio2
632041,Esparrago 2 medio grueso
632042,Esparrago 2 medio grueso1
632043,Esparrago 2 medio grueso2
632051,Esparrago 2 medio jumbo
633000,Esparrago 2 largo
633011,Esparrago 2 largo Sopa
633021,Esparrago 2 largo delgado
633022,Esparrago 2 largo delgado1
633023,Esparrago 2 largo delgado2
633031,Esparrago 2 largo medio
633032,Esparrago 2 largo medio1
633033,Esparrago 2 largo medio2
633041,Esparrago 2 largo grueso
633042,Esparrago 2 largo grueso1
633043,Esparrago 2 largo grueso2
633051,Esparrago 2 largo jumbo
900000,Cortos
910000,Chueco
920000,Ovalado
930000,Torcido
940000,Florecido
950000,Oxidado/Turion Pelado
960000,Hueco
970000,Doble Turion
980000,Roto
990000,Muy largo
999999,Resto

